numOfLabels,539
label,NumInLabel
/m/04kkgm,35
/m/0c_jw,351
/m/0p833,10
/m/0h8n27j,4
/m/021sj1,33
/m/01dwwc,38
/m/02p3w7d,5
/m/03vt0,519
/m/01d40f,159
/m/07k1x,49
/m/02gzp,40
/m/05kyg_,85
/m/01s55n,22
/m/04ylt,19
/m/0c06p,88
/m/03dnzn,12
/m/05r5c,51
/m/05z55,269
/m/01_5g,15
/m/0dj6p,54
/m/07c52,61
/m/01h3n,80
/m/0dv5r,191
/m/02_n6y,27
/m/09j2d,2709
/m/03ssj5,106
/m/05y5lj,352
/m/0c29q,10
/m/01fdzj,162
/m/0449p,63
/m/09ld4,80
/m/0h8my_4,36
/m/08p92x,42
/m/0284d,242
/m/02s195,63
/m/07yv9,1781
/m/033rq4,28
/m/020kz,28
/m/0fbw6,50
/m/0ccs93,14
/m/0162_1,13
/m/019dx1,91
/m/01jfm_,229
/m/018j2,4
/m/0199g,299
/m/01fb_0,13
/m/02vqfm,36
/m/01bfm9,49
/m/0fz0h,8
/m/096mb,104
/m/0h8nr_l,33
/m/02w3_ws,8
/m/0dzf4,2380
/m/0k0pj,1374
/m/02wbm,3998
/m/04cp_,24
/m/014trl,51
/m/03rszm,46
/m/06m11,124
/m/052lwg6,997
/m/04m9y,257
/m/04h8sr,4
/m/02zn6n,54
/m/0hdln,28
/m/0dkzw,5
/m/05r655,247
/m/07cmd,57
/m/01nkt,86
/m/09rvcxw,25
/m/0271qf7,7
/m/03y6mg,23
/m/04_sv,85
/m/0h2r6,177
/m/01b638,174
/m/0ll1f78,103
/m/0cl4p,60
/m/019w40,54
/m/083wq,6518
/m/0323sq,7
/m/0d8zb,90
/m/0mcx2,48
/m/0130jx,54
/m/05gqfk,11
/m/01vbnl,22
/m/071p9,52
/m/04c0y,46
/m/080hkjn,120
/m/01c648,90
/m/03fp41,288
/m/03hl4l9,134
/m/015h_t,30
/m/01b9xk,18
/m/02pkr5,23
/m/01h44,22
/m/0jbk,360
/m/026qbn5,20
/m/078n6m,50
/m/01prls,2080
/m/039xj_,369
/m/0pg52,32
/m/06pcq,30
/m/02y6n,112
/m/047v4b,25
/m/01g3x7,9
/m/01rzcn,215
/m/06nwz,379
/m/0gjkl,51
/m/02jnhm,83
/m/03kt2w,9
/m/061_f,29
/m/01gkx_,20
/m/07cx4,14
/m/079cl,67
/m/0h9mv,702
/m/07pj7bq,38
/m/01h8tj,51
/m/081qc,63
/m/03q5c7,55
/m/03d443,36
/m/0584n8,7
/m/07030,79
/m/02vkqh8,18
/m/02z51p,22
/m/0fqfqc,10
/m/04v6l4,11
/m/0283dt1,1243
/m/050k8,255
/m/0qjjc,16
/m/01jfsr,26
/m/06k2mb,77
/m/0frqm,9
/m/0cffdh,48
/m/0dt3t,54
/m/01lsmm,4
/m/08dz3q,797
/m/030610,9
/m/03hlz0c,21
/m/0f6wt,142
/m/01dwsz,18
/m/0gv1x,192
/m/02x8cch,2
/m/054xkw,31
/m/01bqk0,16
/m/012xff,12
/m/01yrx,883
/m/0420v5,3
/m/083kb,144
/m/0306r,71
/m/01fh4r,37
/m/01dws,35
/m/02wv84t,3
/m/05s2s,5035
/m/0cyf8,122
/m/025rp__,34
/m/0k4j,3673
/m/0220r2,38
/m/034c16,69
/m/01m2v,114
/m/0bjyj5,55
/m/019h78,42
/m/050gv4,62
/m/0cgh4,1572
/m/0cxn2,134
/m/0gm28,137
/m/0nybt,37
/m/084zz,71
/m/0m53l,32
/m/05zsy,44
/m/0463sg,752
/m/0h8n5zk,26
/m/0242l,95
/m/0fqt361,30
/m/01s105,102
/m/0kpqd,50
/m/073bxn,45
/m/0d4w1,8
/m/0cyfs,131
/m/01lcw4,17
/m/0gd2v,41
/m/03tw93,39
/m/0kmg4,55
/m/0l3ms,10
/m/04h7h,26
/m/0703r8,18
/m/0fm3zh,38
/m/021mn,173
/m/02wbtzl,7
/m/06y5r,34
/m/01j51,80
/m/0d5gx,48
/m/09b5t,135
/m/01lrl,268
/m/01x3jk,20
/m/05vtc,59
/m/09kx5,226
/m/0hnnb,24
/m/0cnyhnx,100
/m/0l14j_,10
/m/01r546,24
/m/07qxg_,31
/m/0898b,37
/m/03k3r,163
/m/07xyvk,29
/m/029tx,26
/m/02fq_6,23
/m/07dm6,34
/m/05kms,12
/m/084hf,11
/m/04hgtk,1139
/m/04g2r,18
/m/0dftk,60
/m/01krhy,25
/m/02xwb,788
/m/09dzg,12
/m/09gys,13
/m/03jbxj,4
/m/04yx4,2103
/m/0174n1,56
/m/03grzl,15
/m/01599,54
/m/02jfl0,1
/m/020jm,110
/m/0fj52s,60
/m/0dq75,61
/m/01y9k5,40
/m/09f20,25
/m/03bk1,26
/m/0f4s2w,642
/m/05ctyq,11
/m/02crq1,19
/m/04zpv,21
/m/01yx86,32
/m/06_72j,29
/m/015x5n,26
/m/0755b,34
/m/01gmv2,69
/m/0120dh,88
/m/035r7c,1334
/m/01g317,3036
/m/04169hn,4
/m/03bt1vf,1457
/m/018xm,169
/m/025nd,23
/m/0mw_6,1
/m/07jdr,159
/m/03m3pdh,30
/m/0663v,92
/m/0h8mzrc,26
/m/073g6,4
/m/024d2,42
/m/0lt4_,12
/m/02jz0l,22
/m/01btn,3
/m/03ldnb,22
/m/07r04,167
/m/015qff,29
/m/032b3c,131
/m/058qzx,3
/m/07y_7,13
/m/02h19r,17
/m/0d_2m,35
/m/06_fw,41
/m/04rmv,83
/m/02522,50
/m/015p6,1746
/m/01tcjp,61
/m/01j3zr,31
/m/0fbdv,39
/m/07clx,37
/m/01n4qj,54
/m/03nfch,50
/m/0b_rs,94
/m/02p0tk3,952
/m/0h8l4fh,16
/m/06msq,172
/m/014y4n,65
/m/01dy8n,26
/m/0cjq5,45
/m/07gql,12
/m/01f91_,13
/m/0bt_c3,86
/m/07c6l,15
/m/02d9qx,25
/m/01mqdt,23
/m/0h8mhzd,110
/m/01mzpv,272
/m/04szw,156
/m/084rd,15
/m/0gj37,22
/m/0167gd,9
/m/0319l,21
/m/02lbcq,1
/m/06c7f7,17
/m/02jvh9,40
/m/06__v,3
/m/08hvt4,17
/m/0152hh,13
/m/057p5t,10
/m/019jd,1106
/m/0dbzx,35
/m/031n1,46
/m/01226z,79
/m/0h99cwc,36
/m/0hf58v5,36
/m/068zj,109
/m/0cdn1,53
/m/0_k2,29
/m/014j1m,103
/m/0gd36,44
/m/09gtd,8
/m/01hrv5,45
/m/0_cp5,55
/m/02hj4,90
/m/026t6,97
/m/0gxl3,42
/m/0268lbt,9
/m/0dbvp,49
/m/0dv77,15
/m/03q69,440
/m/0bwd_0j,45
/m/02x984l,20
/m/02l8p9,51
/m/033cnk,157
/m/04bcr3,354
/m/074d1,17
/m/04tn4x,20
/m/0jqgx,123
/m/0jg57,89
/m/01xgg_,35
/m/0pcr,52
/m/0h8n6f9,6
/m/065h6l,3
/m/01ww8y,752
/m/07j7r,3295
/m/01m4t,30
/m/0fx9l,15
/m/01n5jq,138
/m/0zvk5,277
/m/05_5p_0,27
/m/0jwn_,34
/m/054_l,34
/m/0k5j,258
/m/01xqw,35
/m/0h8n6ft,2
/m/03bj1,27
/m/01x_v,28
/m/0h23m,134
/m/03jm5,255
/m/0270h,377
/m/07mhn,51
/m/02wg_p,8
/m/01pns0,50
/m/07crc,49
/m/07bgp,109
/m/04yqq2,3
/m/016m2d,63
/m/0ft9s,48
/m/0fp6w,44
/m/029b3,56
/m/01nq26,29
/m/07kng9,18
/m/02dl1y,126
/m/0cd4d,17
/m/02p5f1q,213
/m/09728,308
/m/09kmb,53
/m/0h8lkj8,11
/m/0grw1,386
/m/0bt9lr,3922
/m/06nrc,44
/m/01bl7v,126
/m/018p4k,40
/m/076bq,6
/m/09k_b,110
/m/01f8m5,46
/m/03v5tg,7
/m/09d5_,63
/m/0642b4,44
/m/04vv5k,20
/m/03p3bw,45
/m/0176mf,14
/m/01kb5b,11
/m/03bbps,33
/m/02rdsp,136
/m/03c7gz,30
/m/03g8mr,13
/m/06z37_,39
/m/0bh9flk,9
/m/012n7d,9
/m/0cn6p,91
/m/02zt3,46
/m/01knjb,18
/m/025dyy,124
/m/0633h,69
/m/09f_2,77
/m/08pbxl,347
/m/0b3fp9,8
/m/02w3r3,1
/m/0ftb8,52
/m/0jly1,38
/m/07j87,152
/m/0342h,191
/m/01dxs,46
/m/024g6,167
/m/0dzct,963
/m/0by6g,51
/m/0cmf2,1949
/m/01xs3r,7
/m/046dlr,19
/m/01bjv,129
/m/09csl,62
/m/020lf,65
/m/031b6r,17
/m/03m5k,22
/m/03qrc,70
/m/06mf6,145
/m/0nl46,11
/m/03fwl,80
/m/0c9ph5,4789
/m/0fldg,9
/m/012ysf,10
/m/09g1w,7
/m/013y1f,33
/m/03xxp,169
/m/02pdsw,11
/m/0llzx,55
/m/04p0qw,33
/m/0gjbg72,144
/m/0f9_l,115
/m/012074,30
/m/0jyfg,210
/m/02zvsm,85
/m/0dtln,63
/m/01cmb2,14
/m/015wgc,19
/m/09ddx,84
/m/02tsc9,3
/m/0hg7b,86
/m/0ky7b,2
/m/0n28_,116
/m/03hj559,32
/m/0hkxq,69
/m/09j5n,1809
/m/03q5t,13
/m/057cc,75
/m/06bt6,70
/m/04m6gz,38
/m/015x4r,85
/m/02dgv,174
/m/0hnyx,86
/m/099ssp,37
/m/06ncr,32
/m/02pjr4,3
/m/071qp,70
/m/0kpt_,18
/m/0wdt60w,12
/m/063rgb,9
/m/0czz2,105
/m/06c54,116
/m/0k1tl,75
/m/02f9f_,8
/m/06j2d,82
/m/02068x,15
/m/01xygc,28
/m/0ph39,55
/m/0cydv,53
/m/02pv19,28
/m/01xq0k1,169
/m/01_bhs,461
/m/03s_tn,32
/m/0fszt,284
/m/0fly7,33
/m/05n4y,73
/m/03__z0,79
/m/052sf,180
/m/03120,126
/m/04ctx,113
/m/03txqz,11
/m/040b_t,44
/m/012w5l,26
/m/02wv6h6,22
/m/04brg2,174
/m/0crjs,74
/m/0h8kx63,9
/m/02g30s,29
/m/0138tl,324
/m/0mkg,24
/m/01x3z,41
/m/04gth,159
/m/01z1kdw,167
/m/078jl,221
/m/0l515,76
/m/01940j,41
/m/0ch_cf,512
/m/017ftj,22
/m/01j61q,21
/m/09ct_,267
/m/027pcv,19
/m/04rky,1870
/m/02rgn06,42
/m/03fj2,32
/m/0qmmr,26
/m/0cmx8,71
/m/01lynh,46
/m/0dv9c,23
/m/01d380,1
/m/01gllr,22
/m/043nyj,20
/m/035vxb,6
/m/0cjs7,40
/m/014sv8,207
/m/01rkbr,56
/m/09qck,51
/m/0c568,18
/m/01j4z9,2
/m/047j0r,10
/m/0hqkz,15
/m/01b7fy,64
/m/061hd_,28
/m/0388q,85
/m/029bxz,15
/m/0cdl1,125
/m/06l9r,26
/m/076lb9,2
/m/07fbm7,93
/m/01llwg,77
/m/0271t,383
/m/05z6w,52
/m/0k65p,2006
/m/044r5d,11
/m/01xyhv,188
/m/0cyhj_,114
/m/0d4v4,700
/m/0174k2,66
/m/04dr76w,322
/m/09tvcd,76
/m/0jy4k,55
/m/011k07,26
/m/02ctlc,2
